"subject_type","subject_source","subject_id","predicate","object_type","object_source","object_id","qualifier","remarks"
"specimens","bio.acousti.ca","12214","http://www.w3.org/2004/02/skos/core#exactMatch","iri","","https://data.nhm.ac.uk/object/3fd0900f-0b8d-4114-869c-2d11ad7ae8fa","","BMNH(E) 010211148"
"specimens","bio.acousti.ca","12589","http://www.w3.org/2004/02/skos/core#exactMatch","iri","","https://data.nhm.ac.uk/object/3e93bcf5-d8cc-4baa-be06-b4db79eb0365","","BMNH(E) 010210822"
"specimens","bio.acousti.ca","12590","http://www.w3.org/2004/02/skos/core#exactMatch","iri","","https://data.nhm.ac.uk/object/3d7d85c6-e195-49d9-bcb6-fc5ab92417e3","","BMNH(E) 010210862"
"specimens","bio.acousti.ca","12679","http://www.w3.org/2004/02/skos/core#exactMatch","iri","","https://data.nhm.ac.uk/object/5eb0194e-6ff4-4249-ada8-efc15e3365e7","","BMNH(E) 010210942"
"specimens","bio.acousti.ca","12681","http://www.w3.org/2004/02/skos/core#exactMatch","iri","","https://data.nhm.ac.uk/object/5bc6f5f8-8d8b-485d-be5a-82adc392694e","","BMNH(E) 010210982"
"specimens","bio.acousti.ca","12690","http://www.w3.org/2004/02/skos/core#exactMatch","iri","","https://data.nhm.ac.uk/object/569a1c6f-fa8c-4a9e-bce1-edd7acde1bc2","","BMNH(E) 010211142"
"specimens","bio.acousti.ca","12691","http://www.w3.org/2004/02/skos/core#exactMatch","iri","","https://data.nhm.ac.uk/object/7cb3f03b-1399-48a4-a918-1c394f666e6e","","BMNH(E) 010211141"
"specimens","bio.acousti.ca","12708","http://www.w3.org/2004/02/skos/core#exactMatch","iri","","https://data.nhm.ac.uk/object/b6e6128a-3874-4b74-b1c4-369b006813a6","","BMNH(E) 010211149"
"specimens","bio.acousti.ca","12709","http://www.w3.org/2004/02/skos/core#exactMatch","iri","","https://data.nhm.ac.uk/object/631ed84e-b352-4e5f-add5-f0a5b8c94155","","BMNH(E) 010211150"
"specimens","bio.acousti.ca","12710","http://www.w3.org/2004/02/skos/core#exactMatch","iri","","https://data.nhm.ac.uk/object/71592268-fd50-401b-9b96-a505974f32a8","","BMNH(E) 010211151"
"specimens","bio.acousti.ca","12711","http://www.w3.org/2004/02/skos/core#exactMatch","iri","","https://data.nhm.ac.uk/object/d3aac7ae-06be-4249-94c1-af0a4e7fde9a","","BMNH(E) 010211152"
"specimens","bio.acousti.ca","12712","http://www.w3.org/2004/02/skos/core#exactMatch","iri","","https://data.nhm.ac.uk/object/3bdc982d-9a9e-487a-8b8f-80a1cc4da5a8","","BMNH(E) 010211153"
"specimens","bio.acousti.ca","15169","http://www.w3.org/2004/02/skos/core#exactMatch","iri","","https://data.nhm.ac.uk/object/0f356eca-98b1-48cf-a377-e0ad90bcd2d6","","BMNH(E) 010210749"
"specimens","bio.acousti.ca","15296","http://www.w3.org/2004/02/skos/core#exactMatch","iri","","https://data.nhm.ac.uk/object/33a0801a-a3c7-4a75-abdd-195abf407df0","","BMNH(E) 010210763"
"specimens","bio.acousti.ca","15298","http://www.w3.org/2004/02/skos/core#exactMatch","iri","","https://data.nhm.ac.uk/object/3116ec1a-78d5-4f13-a650-42418064d093","","BMNH(E) 010210762"
"specimens","bio.acousti.ca","15314","http://www.w3.org/2004/02/skos/core#exactMatch","iri","","https://data.nhm.ac.uk/object/8648ea18-9454-4058-85bb-5e84f3a6d61b","","BMNH(E) 010210774"
"specimens","bio.acousti.ca","15315","http://www.w3.org/2004/02/skos/core#exactMatch","iri","","https://data.nhm.ac.uk/object/d5cb61be-367d-4391-89bd-53d2a0aaf710","","BMNH(E) 010210773"
"specimens","bio.acousti.ca","15317","http://www.w3.org/2004/02/skos/core#exactMatch","iri","","https://data.nhm.ac.uk/object/ed4a9018-09c1-468c-be40-11bc816669b1","","BMNH(E) 010210787"
"specimens","bio.acousti.ca","15319","http://www.w3.org/2004/02/skos/core#exactMatch","iri","","https://data.nhm.ac.uk/object/d8f96efb-8c85-4634-97c5-c43972005f47","","BMNH(E) 010210778"
"specimens","bio.acousti.ca","15320","http://www.w3.org/2004/02/skos/core#exactMatch","iri","","https://data.nhm.ac.uk/object/47191004-00b5-422b-9f61-15e73d963818","","BMNH(E) 010210777"
"specimens","bio.acousti.ca","15321","http://www.w3.org/2004/02/skos/core#exactMatch","iri","","https://data.nhm.ac.uk/object/38a4a0a7-3ea1-46ae-823a-5f2e6b532179","","BMNH(E) 010210788"
"specimens","bio.acousti.ca","15322","http://www.w3.org/2004/02/skos/core#exactMatch","iri","","https://data.nhm.ac.uk/object/e9959391-62fa-4452-8430-b6dd7eb711f7","","BMNH(E) 010210784"
"specimens","bio.acousti.ca","15323","http://www.w3.org/2004/02/skos/core#exactMatch","iri","","https://data.nhm.ac.uk/object/73937699-75f0-4f1f-898f-19154ac0b0a4","","BMNH(E) 010210783"
"specimens","bio.acousti.ca","15324","http://www.w3.org/2004/02/skos/core#exactMatch","iri","","https://data.nhm.ac.uk/object/6bdcd010-9943-4e2e-aa64-ae1a48a42da0","","BMNH(E) 010210786"
"specimens","bio.acousti.ca","15325","http://www.w3.org/2004/02/skos/core#exactMatch","iri","","https://data.nhm.ac.uk/object/87bb3409-8358-4c0a-ba65-f0c700c309d5","","BMNH(E) 010210785"
"specimens","bio.acousti.ca","15327","http://www.w3.org/2004/02/skos/core#exactMatch","iri","","https://data.nhm.ac.uk/object/2183c94b-2bb0-4a14-92fb-1b8f8685071a","","BMNH(E) 010210780"
"specimens","bio.acousti.ca","15328","http://www.w3.org/2004/02/skos/core#exactMatch","iri","","https://data.nhm.ac.uk/object/48907350-7932-45c3-8b57-3cdb103de72c","","BMNH(E) 010210779"
"specimens","bio.acousti.ca","15336","http://www.w3.org/2004/02/skos/core#exactMatch","iri","","https://data.nhm.ac.uk/object/6878f9a2-157e-44c1-b00e-ae879d0e27be","","BMNH(E) 010210776"
"specimens","bio.acousti.ca","15337","http://www.w3.org/2004/02/skos/core#exactMatch","iri","","https://data.nhm.ac.uk/object/5f97577c-c597-4f78-bd2d-344b1dd618a2","","BMNH(E) 010210775"
"specimens","bio.acousti.ca","15398","http://www.w3.org/2004/02/skos/core#exactMatch","iri","","https://data.nhm.ac.uk/object/839c9cdb-5613-4ee2-a01f-9014b0c080fd","","BMNH(E) 010210852"
"specimens","bio.acousti.ca","15399","http://www.w3.org/2004/02/skos/core#exactMatch","iri","","https://data.nhm.ac.uk/object/19042c01-361e-4152-ae33-f22a5b68200f","","BMNH(E) 010210853"
"specimens","bio.acousti.ca","15402","http://www.w3.org/2004/02/skos/core#exactMatch","iri","","https://data.nhm.ac.uk/object/d897eb80-27d5-423e-b30f-5d1ab23a1a3b","","BMNH(E) 010210863"
"specimens","bio.acousti.ca","15403","http://www.w3.org/2004/02/skos/core#exactMatch","iri","","https://data.nhm.ac.uk/object/c1f4db10-1279-4cf3-8474-e43b1397847c","","BMNH(E) 010210864"
"specimens","bio.acousti.ca","15405","http://www.w3.org/2004/02/skos/core#exactMatch","iri","","https://data.nhm.ac.uk/object/a69377bb-9a93-4310-a7e3-7945b4840021","","BMNH(E) 010210867"
"specimens","bio.acousti.ca","15406","http://www.w3.org/2004/02/skos/core#exactMatch","iri","","https://data.nhm.ac.uk/object/e3a35386-a5c3-41b7-b13f-dbfb1ff2ba0e","","BMNH(E) 010210866"
"specimens","bio.acousti.ca","15407","http://www.w3.org/2004/02/skos/core#exactMatch","iri","","https://data.nhm.ac.uk/object/060e1486-c806-4f90-b207-239fb1c7dc2d","","BMNH(E) 010210868"
"specimens","bio.acousti.ca","15408","http://www.w3.org/2004/02/skos/core#exactMatch","iri","","https://data.nhm.ac.uk/object/d8a74574-b2c5-4c87-a0ce-6b65e141c872","","BMNH(E) 010210869"
"specimens","bio.acousti.ca","15409","http://www.w3.org/2004/02/skos/core#exactMatch","iri","","https://data.nhm.ac.uk/object/03e0b71a-62c5-4c15-9a5d-86faa56e23c3","","BMNH(E) 010210870"
"specimens","bio.acousti.ca","15410","http://www.w3.org/2004/02/skos/core#exactMatch","iri","","https://data.nhm.ac.uk/object/a6ce5fb4-7669-44a6-9492-93ada19f5565","","BMNH(E) 010210871"
"specimens","bio.acousti.ca","15411","http://www.w3.org/2004/02/skos/core#exactMatch","iri","","https://data.nhm.ac.uk/object/9775781d-e0ec-4ae5-912b-31564f323413","","BMNH(E) 010210872"
"specimens","bio.acousti.ca","15412","http://www.w3.org/2004/02/skos/core#exactMatch","iri","","https://data.nhm.ac.uk/object/1a3653f1-5233-4a26-84a7-0a6f8da4af1f","","BMNH(E) 010210873"
"specimens","bio.acousti.ca","15413","http://www.w3.org/2004/02/skos/core#exactMatch","iri","","https://data.nhm.ac.uk/object/f0d3be6b-6e13-4958-947a-274868293d8e","","BMNH(E) 010210874"
"specimens","bio.acousti.ca","15414","http://www.w3.org/2004/02/skos/core#exactMatch","iri","","https://data.nhm.ac.uk/object/67a205a1-8610-4d53-b722-42dff6e4d677","","BMNH(E) 010210875"
"specimens","bio.acousti.ca","15415","http://www.w3.org/2004/02/skos/core#exactMatch","iri","","https://data.nhm.ac.uk/object/0a503006-2015-4fe8-89ff-56daca688425","","BMNH(E) 010210876"
"specimens","bio.acousti.ca","15416","http://www.w3.org/2004/02/skos/core#exactMatch","iri","","https://data.nhm.ac.uk/object/e502c4c3-2ea2-4275-aa44-14a430eb24e3","","BMNH(E) 010210877"
"specimens","bio.acousti.ca","15417","http://www.w3.org/2004/02/skos/core#exactMatch","iri","","https://data.nhm.ac.uk/object/b1be0503-048c-4e87-ad49-91d09fbe1ff9","","BMNH(E) 010210878"
"specimens","bio.acousti.ca","15418","http://www.w3.org/2004/02/skos/core#exactMatch","iri","","https://data.nhm.ac.uk/object/d10303b6-1ed5-49ea-91f7-659a8faf1860","","BMNH(E) 010210879"
"specimens","bio.acousti.ca","15419","http://www.w3.org/2004/02/skos/core#exactMatch","iri","","https://data.nhm.ac.uk/object/3cc5f86a-b4af-4c90-bf66-9664237e4db9","","BMNH(E) 010210880"
"specimens","bio.acousti.ca","15420","http://www.w3.org/2004/02/skos/core#exactMatch","iri","","https://data.nhm.ac.uk/object/d94cfdf3-23a8-4dd0-836a-69488438b2b4","","BMNH(E) 010210884"
"specimens","bio.acousti.ca","15421","http://www.w3.org/2004/02/skos/core#exactMatch","iri","","https://data.nhm.ac.uk/object/6707c3a1-95a7-4e9b-9ff4-90f7bd20f75a","","BMNH(E) 010210885"
"specimens","bio.acousti.ca","15422","http://www.w3.org/2004/02/skos/core#exactMatch","iri","","https://data.nhm.ac.uk/object/c38f6cbe-2c70-4b4d-9e85-f8b6ba59cb09","","BMNH(E) 010210886"
"specimens","bio.acousti.ca","15423","http://www.w3.org/2004/02/skos/core#exactMatch","iri","","https://data.nhm.ac.uk/object/e376afcf-f04c-40a7-bb80-9f03666e853b","","BMNH(E) 010210887"
"specimens","bio.acousti.ca","15424","http://www.w3.org/2004/02/skos/core#exactMatch","iri","","https://data.nhm.ac.uk/object/54fcdd91-cc75-4e19-8c26-4d6e820ea3de","","BMNH(E) 010210888"
"specimens","bio.acousti.ca","15425","http://www.w3.org/2004/02/skos/core#exactMatch","iri","","https://data.nhm.ac.uk/object/6c23ed01-acac-4d86-a15c-ee839b70b9d0","","BMNH(E) 010210889"
"specimens","bio.acousti.ca","15426","http://www.w3.org/2004/02/skos/core#exactMatch","iri","","https://data.nhm.ac.uk/object/3bf22ecf-b82a-4069-939b-7a3575cf4737","","BMNH(E) 010210890"
"specimens","bio.acousti.ca","15427","http://www.w3.org/2004/02/skos/core#exactMatch","iri","","https://data.nhm.ac.uk/object/d3543c44-fcb0-49e9-9744-3f49e0466437","","BMNH(E) 010210891"
"specimens","bio.acousti.ca","15428","http://www.w3.org/2004/02/skos/core#exactMatch","iri","","https://data.nhm.ac.uk/object/5bc54b30-bf24-473c-947b-4739c5a412ae","","BMNH(E) 010210892"
"specimens","bio.acousti.ca","15467","http://www.w3.org/2004/02/skos/core#exactMatch","iri","","https://data.nhm.ac.uk/object/19eac58a-9920-44a9-8129-3e681c668838","","BMNH(E) 010211063"
"specimens","bio.acousti.ca","15495","http://www.w3.org/2004/02/skos/core#exactMatch","iri","","https://data.nhm.ac.uk/object/3471a3f9-2520-4a9b-ad6a-1a6f65872ef4","","BMNH(E) 010210931"
"specimens","bio.acousti.ca","15496","http://www.w3.org/2004/02/skos/core#exactMatch","iri","","https://data.nhm.ac.uk/object/5d1389ed-426d-4625-83d1-cb5235fc9d2c","","BMNH(E) 010210932"
"specimens","bio.acousti.ca","15497","http://www.w3.org/2004/02/skos/core#exactMatch","iri","","https://data.nhm.ac.uk/object/954714c4-e465-4321-9ec7-dcf00fcde7d7","","BMNH(E) 010210933"
"specimens","bio.acousti.ca","15498","http://www.w3.org/2004/02/skos/core#exactMatch","iri","","https://data.nhm.ac.uk/object/a7524f43-96f0-4d64-9088-9ede10fc9942","","BMNH(E) 010210934"
"specimens","bio.acousti.ca","15500","http://www.w3.org/2004/02/skos/core#exactMatch","iri","","https://data.nhm.ac.uk/object/083673a6-ef0a-4b23-a81c-14174d809bc8","","BMNH(E) 010210937"
"specimens","bio.acousti.ca","15501","http://www.w3.org/2004/02/skos/core#exactMatch","iri","","https://data.nhm.ac.uk/object/46a7e9e5-539c-4495-a375-9dee15db5066","","BMNH(E) 010210938"
"specimens","bio.acousti.ca","15502","http://www.w3.org/2004/02/skos/core#exactMatch","iri","","https://data.nhm.ac.uk/object/e8cc2162-adc6-4971-8b9e-675500ac1bba","","BMNH(E) 010210939"
"specimens","bio.acousti.ca","15528","http://www.w3.org/2004/02/skos/core#exactMatch","iri","","https://data.nhm.ac.uk/object/19e96b0c-a3f2-43fc-a867-775270d129ef","","BMNH(E) 010210959"
"specimens","bio.acousti.ca","15529","http://www.w3.org/2004/02/skos/core#exactMatch","iri","","https://data.nhm.ac.uk/object/dce0f478-f5e1-4fe2-a83e-5844d49acb9b","","BMNH(E) 010210960"
"specimens","bio.acousti.ca","15530","http://www.w3.org/2004/02/skos/core#exactMatch","iri","","https://data.nhm.ac.uk/object/fd016465-1e76-4deb-a4ec-6b2469f2c848","","BMNH(E) 010210961"
"specimens","bio.acousti.ca","15531","http://www.w3.org/2004/02/skos/core#exactMatch","iri","","https://data.nhm.ac.uk/object/ef5c45bf-3d6d-44fe-8375-95ae0fb1d631","","BMNH(E) 010210962"
"specimens","bio.acousti.ca","15532","http://www.w3.org/2004/02/skos/core#exactMatch","iri","","https://data.nhm.ac.uk/object/87680a2c-ee07-4c4b-ac66-03c4554af92a","","BMNH(E) 010210963"
"specimens","bio.acousti.ca","15533","http://www.w3.org/2004/02/skos/core#exactMatch","iri","","https://data.nhm.ac.uk/object/6304590a-a439-4978-a865-a84449daf023","","BMNH(E) 010210964"
"specimens","bio.acousti.ca","15534","http://www.w3.org/2004/02/skos/core#exactMatch","iri","","https://data.nhm.ac.uk/object/3fb0d69e-2ccf-4326-a08a-2ba969b30987","","BMNH(E) 010210965"
"specimens","bio.acousti.ca","15535","http://www.w3.org/2004/02/skos/core#exactMatch","iri","","https://data.nhm.ac.uk/object/332eae06-bcf9-47bf-a006-42c535ff08ca","","BMNH(E) 010210966"
"specimens","bio.acousti.ca","15536","http://www.w3.org/2004/02/skos/core#exactMatch","iri","","https://data.nhm.ac.uk/object/42e237a9-baa2-4294-a70d-251ac7aead58","","BMNH(E) 010210967"
"specimens","bio.acousti.ca","15537","http://www.w3.org/2004/02/skos/core#exactMatch","iri","","https://data.nhm.ac.uk/object/e4d9e4e9-493b-471b-b3c6-2450b5ad3e48","","BMNH(E) 010210968"
"specimens","bio.acousti.ca","15538","http://www.w3.org/2004/02/skos/core#exactMatch","iri","","https://data.nhm.ac.uk/object/0107fee9-4b7f-42ed-b4bb-58c786302c0a","","BMNH(E) 010210969"
"specimens","bio.acousti.ca","15539","http://www.w3.org/2004/02/skos/core#exactMatch","iri","","https://data.nhm.ac.uk/object/7548cdb9-2152-402c-a3e1-f352870d460a","","BMNH(E) 010210971"
"specimens","bio.acousti.ca","15540","http://www.w3.org/2004/02/skos/core#exactMatch","iri","","https://data.nhm.ac.uk/object/e4904dae-1be9-46ba-a6bb-821723993350","","BMNH(E) 010210972"
"specimens","bio.acousti.ca","15541","http://www.w3.org/2004/02/skos/core#exactMatch","iri","","https://data.nhm.ac.uk/object/bdc75e6d-e7d5-4d05-9e01-83d20ef37d81","","BMNH(E) 010210973"
"specimens","bio.acousti.ca","15542","http://www.w3.org/2004/02/skos/core#exactMatch","iri","","https://data.nhm.ac.uk/object/8c184621-c5e8-4b8d-b86b-d7ab42cd7ab5","","BMNH(E) 010210974"
"specimens","bio.acousti.ca","15543","http://www.w3.org/2004/02/skos/core#exactMatch","iri","","https://data.nhm.ac.uk/object/4e83a107-ea63-4d11-9d97-ad63ce3a2ddd","","BMNH(E) 010210975"
"specimens","bio.acousti.ca","15544","http://www.w3.org/2004/02/skos/core#exactMatch","iri","","https://data.nhm.ac.uk/object/62d160f2-d09c-43f5-b779-623bfc44b86b","","BMNH(E) 010210976"
"specimens","bio.acousti.ca","15545","http://www.w3.org/2004/02/skos/core#exactMatch","iri","","https://data.nhm.ac.uk/object/50253ccb-9c44-44ad-aad5-2031d20b6f90","","BMNH(E) 010210977"
"specimens","bio.acousti.ca","15546","http://www.w3.org/2004/02/skos/core#exactMatch","iri","","https://data.nhm.ac.uk/object/3ac65c18-5019-406c-a393-6c6419261327","","BMNH(E) 010210978"
"specimens","bio.acousti.ca","15558","http://www.w3.org/2004/02/skos/core#exactMatch","iri","","https://data.nhm.ac.uk/object/c99f943a-3f51-48f2-ba8d-0002449256b2","","BMNH(E) 010210994"
"specimens","bio.acousti.ca","15559","http://www.w3.org/2004/02/skos/core#exactMatch","iri","","https://data.nhm.ac.uk/object/1500c7f7-57bd-418a-81cd-01329946cf7e","","BMNH(E) 010210995"
"specimens","bio.acousti.ca","15560","http://www.w3.org/2004/02/skos/core#exactMatch","iri","","https://data.nhm.ac.uk/object/4cc91a66-cf6e-4c0f-bec2-52275f6a98fd","","BMNH(E) 010210996"
"specimens","bio.acousti.ca","15561","http://www.w3.org/2004/02/skos/core#exactMatch","iri","","https://data.nhm.ac.uk/object/d0420fbb-0d3b-4a68-8158-3079f2ed3783","","BMNH(E) 010210997"
"specimens","bio.acousti.ca","15562","http://www.w3.org/2004/02/skos/core#exactMatch","iri","","https://data.nhm.ac.uk/object/71822c3a-b27f-4f18-8aec-cc1a95b74e38","","BMNH(E) 010210998"
"specimens","bio.acousti.ca","15563","http://www.w3.org/2004/02/skos/core#exactMatch","iri","","https://data.nhm.ac.uk/object/994b3323-67cc-4b38-905e-7544b471b4cd","","BMNH(E) 010210999"
"specimens","bio.acousti.ca","15863","http://www.w3.org/2004/02/skos/core#exactMatch","iri","","https://data.nhm.ac.uk/object/fe651e91-be13-408d-8be1-30feadd8219e","","BMNH(E) 010211288"
"specimens","bio.acousti.ca","15864","http://www.w3.org/2004/02/skos/core#exactMatch","iri","","https://data.nhm.ac.uk/object/16991979-515a-4bb0-b57f-8b7bf5a30bf2","","BMNH(E) 010211290"
"specimens","bio.acousti.ca","15865","http://www.w3.org/2004/02/skos/core#exactMatch","iri","","https://data.nhm.ac.uk/object/792bb6ca-6a1b-45a2-95d3-f860a48f5fdd","","BMNH(E) 010211289"
"specimens","bio.acousti.ca","15869","http://www.w3.org/2004/02/skos/core#exactMatch","iri","","https://data.nhm.ac.uk/object/49ac4c4f-fbcb-4c22-9ba4-8bc294311018","","BMNH(E) 010211292"
"specimens","bio.acousti.ca","15887","http://www.w3.org/2004/02/skos/core#exactMatch","iri","","https://data.nhm.ac.uk/object/b98d5f43-a6cf-4ce1-81ec-60e426f5abe2","","BMNH(E) 010211308"
"specimens","bio.acousti.ca","16551","http://www.w3.org/2004/02/skos/core#exactMatch","iri","","https://data.nhm.ac.uk/object/15a4f417-cc7f-44c4-af95-a3f08f7389d0","","BMNH(E) 010211851"
